"t","d1","d2","d3","state","sigma"
"2802650","0,9812","0,9401","1,0558","3","4,885"
"2803207","1,0933","0,9638","1,2259","2","-1"
"2803762","1,1629","0,9582","1,0932","2","-1"
"2804318","1,1318","1,0493","1,1187","2","-1"
"2804872","1,1592","1,0527","1,1101","2","-1"
"2805424","1,3905","1,0443","1,1799","2","-1"
"2805978","1,2046","1,2577","1,1827","3","4,815"
"2806531","1,3106","1,2591","1,1849","2","-1"
"2807092","1,3196","1,336","1,3666","3","8,603"
"2807642","1,347","1,5295","1,4248","2","-1"
"2808195","1,4518","1,6435","1,414","2","-1"
"2808745","1,4342","1,3016","1,2489","2","-1"
"2809296","1,3055","1,4802","1,1286","2","-1"
"2809848","1,3262","1,3085","1,2041","2","-1"
"2810401","1,2539","1,4333","1,2022","2","-1"
"2810951","1,4951","1,2726","1,3537","2","-1"
"2811503","1,5061","1,4368","1,4878","2","-1"
"2812052","1,5679","1,5592","1,5877","3","5,6"
"2812604","1,626","1,9325","1,4845","2","-1"
"2813153","1,5507","1,8631","1,4468","2","-1"
"2813703","1,4858","1,7246","1,8167","2","-1"
"2814256","1,5048","1,7407","1,5862","2","-1"
"2814807","1,5711","1,3959","1,4382","2","-1"
"2815357","1,2186","1,5214","1,3219","2","-1"
"2815908","1,2828","1,5681","1,2239","2","-1"
"2816462","1,1686","1,4321","1,3454","2","-1"
"2817013","1,1514","1,3234","1,2557","2","-1"
"2817564","1,3792","1,553","1,4093","2","-1"
"2818114","1,5481","1,5023","1,3723","2","-1"
"2818667","1,3394","1,3183","1,243","2","-1"
"2819218","1,2581","1,2383","1,4204","2","-1"
"2819770","1,2921","1,3846","1,3882","2","-1"
"2820321","1,2064","1,2209","1,223","3","4,602"
"2820879","1,0758","1,203","1,1611","2","-1"
"2821435","1,0245","1,0121","1,0183","3","3,827"
"2821989","1,0585","1,3725","1,1255","2","-1"
"2822547","1,141","1,1771","1,1832","2","-1"
"2823100","1,2265","1,2861","1,2331","3","11,329"
"2823653","1,3203","1,1351","1,2837","2","-1"
"2824205","1,6069","1,096","1,2884","2","-1"
"2824759","1,1362","1,2631","1,3907","2","-1"
"2825310","1,1597","1,2779","1,1689","2","-1"
"2825865","1,1966","1,3998","1,3318","2","-1"
"2826417","1,045","1,404","1,5814","2","-1"
"2826968","1,0226","1,1608","1,2157","2","-1"
"2827522","1,3735","1,6937","1,2711","2","-1"
"2828075","1,3001","1,1701","1,6314","2","-1"
"2828629","1,0915","1,2337","1,0728","2","-1"
"2829178","1,2037","1,2923","1,1879","2","-1"
"2829732","1,3098","1,1653","1,5031","2","-1"
"2830282","1,3308","1,3349","1,2468","2","-1"
"2830835","1,2651","1,3512","1,325","2","-1"
"2831389","1,3917","1,4221","1,2854","2","-1"
"2831942","1,3161","1,4725","1,3042","2","-1"
"2832494","1,3428","1,4862","1,2849","2","-1"
"2833043","1,3612","1,4926","1,3015","2","-1"
"2833597","1,3031","1,3111","1,2055","2","-1"
"2834149","1,3364","1,449","1,3061","2","-1"
"2834698","1,2746","1,3493","1,2844","2","-1"
"2835248","1,2886","1,4075","1,3222","2","-1"
"2835798","1,331","1,4329","1,2624","2","-1"
"2836350","1,2629","1,3654","1,2412","2","-1"
"2836901","1,3521","1,2603","1,3347","2","-1"
"2837456","1,3715","1,3818","1,2839","2","-1"
"2838014","1,3155","1,4203","1,2678","2","-1"
"2838565","1,2586","1,3847","1,3107","2","-1"
"2839120","1,3549","1,4005","1,3042","3","4,935"
"2839675","1,2775","1,3892","1,3369","2","-1"
"2840229","1,2527","1,3892","1,2577","2","-1"
"2840783","1,3161","1,5254","1,3339","2","-1"
"2841338","1,3265","1,4452","1,2701","2","-1"
"2841895","1,2834","1,4344","1,2371","2","-1"
"2842450","1,4326","1,4331","1,2518","2","-1"
